length,iters,avg_us
50,200,386.225000
100,200,1571.565000
200,200,6253.715000
500,50,40872.420000
1000,20,170117.800000
2000,10,673597.500000
4000,5,2959953.200000
